ID,Name,Category,Age
2470,BMK,가수,47
2469,JK김동욱,가수,44
2468,KAI,가수,26
2467,MC딩동,배우,41
2466,MC몽,가수,41
2465,RM,가수,26
2464,T.O.P,가수,32
2463,가인,가수,33
2462,가희,배우,39
2461,간미연,가수,38
2460,감우성,배우,50
2459,강경헌,배우,45
2458,강기둥,배우,33
2457,강기영,배우,37
2456,강남,가수,33
2455,강남길,배우,62
2454,강다니엘,가수,23
2453,강동원,배우,39
2452,강동호,배우,35
2451,강문영,배우,54
2450,강민경,가수,30
2449,강민혁,배우,29
2448,강병규,방송인,48
2447,강봉성,배우,30
2446,강부자,배우,79
2445,강산에,가수,56
2444,강석,방송인,68
2443,강석우,배우,63
2442,강석정,배우,41
2441,강성민,배우,41
2440,강성범,개그맨,46
2439,강성욱,배우,35
2438,강성진,배우,49
2437,강성훈,가수,40
2436,강소라,배우,30
2435,강수연,배우,54
2434,강수정,방송인,49
2433,강수지,가수,53
2432,강승모,가수,59
2431,강승윤,가수,26
2430,강승현,모델,33
2429,강신일,배우,59
2428,강신효,배우,31
2427,강아솔,가수,33
2426,강애심,배우,57
2425,강영구,배우,45
2424,강예원,배우,40
2423,강원래,가수,50
2422,강유미,개그우먼,37
2421,강윤,배우,31
2420,강은탁,배우,38
2419,강인,가수,35
2418,강인덕,배우,70
2417,강인원,가수,64
2416,강일구,개그맨,40
2415,강지섭,배우,39
2414,강지영,배우,26
2413,강지환,배우,43
2412,강타,가수,41
2411,강태오,배우,26
2410,강하늘,배우,30
2409,강한나,배우,31
2408,강혜원,가수,21
2407,강혜정,배우,38
2406,강호동,개그맨,50
2405,개코,가수,39
2404,거미,가수,39
2403,건우,가수,31
2402,건일,가수,32
2401,검지,가수,32
2400,견미리,배우,55
2399,경수진,배우,32
2398,고경표,배우,30
2397,고동수,개그맨,33
2396,고두심,배우,69
2395,고명환,개그맨,48
2394,고미영,배우,46
2393,고민시,배우,25
2392,고범준,가수,46
2391,고보결,배우,32
2390,고서희,배우,43
2389,고성희,배우,30
2388,고세원,배우,42
2387,고소영,배우,48
2386,고수,배우,42
2385,고아라,배우,30
2384,고아성,배우,28
2383,고우리,가수,32
2382,고원희,배우,26
2381,고은민,배우,31
2380,고은아,배우,74
2379,고은아,배우,31
2378,고은희,가수,56
2377,고인범,배우,61
2376,고정일,배우,41
2375,고주원,배우,39
2374,고준희,배우,35
2373,고지용,가수,40
2372,고창석,배우,50
2371,고현정,배우,49
2370,고혜성,개그맨,45
2369,공민영,배우,35
2368,공승연,배우,27
2367,공예지,배우,33
2366,공유,배우,41
2365,공찬,가수,27
2364,공현주,배우,36
2363,공호석,배우,73
2362,공효진,배우,40
2361,곽도원,배우,46
2360,곽동연,배우,23
2359,곽범,개그맨,33
2358,곽시양,배우,33
2357,곽인호,배우,57
2356,곽지민,배우,35
2355,곽한구,개그맨,38
2354,곽현화,개그우먼,39
2353,곽희성,배우,30
2352,광수,배우,33
2351,구본승,가수,47
2350,구본웅,배우,45
2349,구봉서,방송인,93
2348,구준엽,가수,51
2347,구준회,가수,23
2346,구창모,가수,66
2345,구하라,가수,29
2344,구혜선,배우,35
2343,국정환,배우,77
2342,권나라,배우,29
2341,권도균,배우,32
2340,권미진,개그우먼,32
2339,권상우,배우,44
2338,권성덕,배우,80
2337,권수현,배우,34
2336,권영기,개그맨,35
2335,권영찬,개그맨,50
2334,권오중,배우,48
2333,권오현,배우,56
2332,권은수,배우,31
2331,권인하,가수,61
2330,권재관,개그맨,43
2329,권재희,배우,58
2328,권진아,가수,23
2327,권태원,배우,59
2326,권해성,배우,41
2325,권해효,배우,54
2324,권혁수,배우,34
2323,권혁종,배우,45
2322,권혁호,배우,59
2321,규현,가수,32
2320,그레이,가수,33
2319,금단비,가수,31
2318,금보라,배우,59
2317,금잔디,가수,41
2316,금조,가수,27
2315,기국서,배우,68
2314,기안84,만화가,35
2313,기은세,배우,37
2312,기정수,배우,71
2311,기주봉,배우,65
2310,기태영,배우,41
2309,길,가수,42
2308,길건,가수,41
2307,길용우,배우,64
2306,길은정,가수,59
2305,길학미,가수,31
2304,길해연,배우,56
2303,김가연,배우,48
2302,김가은,배우,31
2301,김갑수,배우,63
2300,김강우,배우,42
2299,김건모,가수,52
2298,김건호,배우,68
2297,김경란,방송인,43
2296,김경식,가수,49
2295,김경애,배우,75
2294,김경진,방송인,37
2293,김경호,가수,49
2292,김고은,배우,29
2291,김광규,배우,52
2290,김광석,가수,56
2289,김구,가수,43
2288,김구라,방송인,50
2287,김국진,개그맨,55
2286,김국환,가수,72
2285,김규리,배우,41
2284,김규리,배우,41
2283,김규선,배우,32
2282,김규종,가수,33
2281,김그림,가수,33
2280,김근영,배우,57
2279,김기덕,방송인,72
2278,김기리,개그맨,34
2277,김기범,배우,33
2276,김기연,배우,45
2275,김기열,개그맨,39
2274,김기욱,개그맨,37
2273,김기현,배우,75
2272,김꽃비,배우,34
2271,김나운,배우,50
2270,김나윤,배우,46
2269,김나희,개그우먼,32
2268,김남길,배우,39
2267,김남우,배우,33
2266,김남주,배우,49
2265,김남희,배우,34
2264,김늘메,개그맨,45
2263,김다래,개그우먼,40
2262,김다미,배우,25
2261,김다솜,가수,27
2260,김대령,배우,43
2259,김대명,배우,39
2258,김대범,개그맨,41
2257,김대진,배우,43
2256,김대희,개그맨,46
2255,김덕현,배우,53
2254,김도균,가수,56
2253,김도연,가수,20
2252,김도향,가수,75
2251,김동률,가수,46
2250,김동완,가수,40
2249,김동욱,배우,37
2248,김동준,가수,28
2247,김동한,가수,22
2246,김동혁,가수,23
2245,김동현,가수,21
2244,김동현,배우,26
2243,김동희,배우,42
2242,김란영,가수,57
2241,김래원,배우,39
2240,김뢰하,배우,54
2239,김리나,배우,35
2238,김리원,배우,30
2237,김명곤,배우,67
2236,김명덕,개그맨,60
2235,김명민,배우,48
2234,김명수,배우,54
2233,김무열,배우,38
2232,김미경,배우,57
2231,김미성,배우,45
2230,김미숙,배우,61
2229,김미화,개그우먼,56
2228,김민,배우,47
2227,김민경,개그우먼,39
2226,김민교,개그맨,46
2225,김민규,배우,25
2224,김민기,가수,69
2223,김민석,배우,30
2222,김민수,개그맨,41
2221,김민수,배우,57
2220,김민재,배우,41
2219,김민재,배우,23
2218,김민정,배우,38
2217,김민정,배우,72
2216,김민종,가수,48
2215,김민주,배우,41
2214,김민준,배우,44
2213,김민지,배우,28
2212,김민희,배우,48
2211,김민희,배우,38
2210,김바다,가수,48
2209,김범,배우,31
2208,김범룡,가수,60
2207,김범수,가수,41
2206,김범진,배우,32
2205,김병기,배우,71
2204,김병만,개그맨,45
2203,김병선,개그맨,32
2202,김병세,배우,58
2201,김병조,개그맨,70
2200,김보경,배우,44
2199,김보라,배우,25
2198,김보성,배우,54
2197,김보아,가수,33
2196,김보연,배우,62
2195,김보정,배우,31
2194,김보형,가수,31
2193,김보화,개그우먼,57
2192,김봉근,배우,77
2191,김부선,배우,59
2190,김사희,배우,37
2189,김상경,배우,48
2188,김상민,가수,46
2187,김상순,배우,82
2186,김상중,배우,55
2185,김상태,개그맨,47
2184,김상혁,가수,37
2183,김상혁,개그맨,33
2182,김상호,배우,50
2181,김상희,가수,77
2180,김새론,배우,20
2179,김새롬,모델,33
2178,김생민,방송인,47
2177,김서경,배우,35
2176,김서지,배우,31
2175,김서형,배우,46
2174,김석훈,배우,48
2173,김선아,배우,47
2172,김선영,배우,44
2171,김선호,배우,34
2170,김성겸,배우,79
2169,김성규,가수,31
2168,김성균,배우,40
2167,김성령,배우,53
2166,김성민,배우,47
2165,김성수,배우,47
2164,김성원,개그맨,36
2163,김성은,개그우먼,52
2162,김성재,가수,48
2161,김성주,방송인,48
2160,김성환,가수,70
2159,김성희,가수,31
2158,김성희,가수,61
2157,김세윤,배우,80
2156,김세정,가수,24
2155,김세준,배우,57
2154,김세환,가수,72
2153,김소라,배우,32
2152,김소연,배우,39
2151,김소은,배우,31
2150,김소현,배우,21
2149,김소혜,배우,28
2148,김소혜,배우,21
2147,김수로,배우,50
2146,김수미,배우,71
2145,김수영,개그맨,33
2144,김수용,개그맨,54
2143,김수철,가수,63
2142,김수현,배우,32
2141,김수희,가수,67
2140,김숙,개그우먼,45
2139,김슬기,배우,29
2138,김승수,배우,49
2137,김승우,배우,51
2136,김승욱,배우,57
2135,김승현,방송인,60
2134,김승현,배우,39
2133,김승혜,개그우먼,33
2132,김시덕,개그맨,39
2131,김시원,배우,47
2130,김시은,배우,33
2129,김시후,배우,32
2128,김신영,배우,36
2127,김아라,배우,29
2126,김아중,배우,38
2125,김애경,배우,70
2124,김여진,배우,48
2123,김연서,배우,24
2122,김연우,가수,49
2121,김연지,가수,33
2120,김영광,배우,33
2119,김영대,배우,24
2118,김영배,배우,62
2117,김영아,배우,34
2116,김영애,배우,69
2115,김영옥,배우,82
2114,김영인,배우,68
2113,김영인,배우,80
2112,김영철,배우,67
2111,김영철,개그맨,46
2110,김영필,배우,47
2109,김영호,배우,53
2108,김영희,개그우먼,37
2107,김예령,배우,54
2106,김예원,가수,30
2105,김예은,배우,31
2104,김옥빈,배우,33
2103,김완기,개그맨,41
2102,김완선,가수,51
2101,김용,코미디언,54
2100,김용건,배우,74
2099,김용림,배우,80
2098,김용만,개그맨,52
2097,김용준,가수,36
2096,김우빈,배우,31
2095,김우주,가수,35
2094,김원주,가수,33
2093,김원준,가수,47
2092,김원해,배우,51
2091,김원효,개그맨,39
2090,김원희,배우,48
2089,김유나,가수,34
2088,김유석,배우,54
2087,김유정,배우,21
2086,김유행,배우,74
2085,김유현,배우,32
2084,김윤경,배우,70
2083,김윤서,배우,34
2082,김윤아,가수,46
2081,김윤지,가수,32
2080,김윤진,배우,46
2079,김은영,배우,34
2078,김을동,배우,75
2077,김응수,배우,59
2076,김의성,배우,54
2075,김의환,개그맨,59
2074,김이삭,가수,35
2073,김이안,배우,33
2072,김인권,배우,42
2071,김인문,배우,81
2070,김인석,개그맨,40
2069,김일우,배우,57
2068,김일중,방송인,41
2067,김자옥,배우,69
2066,김장훈,가수,53
2065,김재경,배우,31
2064,김재덕,가수,41
2063,김재만,배우,47
2062,김재범,배우,40
2061,김재우,개그맨,41
2060,김재욱,배우,37
2059,김재욱,개그맨,41
2058,김재원,배우,39
2057,김재중,가수,34
2056,김재환,가수,24
2055,김정구,가수,104
2054,김정난,배우,49
2053,김정렬,개그맨,59
2052,김정미,가수,67
2051,김정민,가수,52
2050,김정식,개그맨,61
2049,김정은,배우,46
2048,김정태,배우,47
2047,김정학,배우,48
2046,김정현,배우,30
2045,김정화,배우,37
2044,김정훈,가수,40
2043,김제동,방송인,46
2042,김조한,가수,47
2041,김종결,배우,76
2040,김종구,배우,65
2039,김종국,가수,44
2038,김종국,개그맨,57
2037,김종민,가수,41
2036,김종서,가수,55
2035,김종석,개그맨,61
2034,김종석,개그맨,44
2033,김종진,가수,57
2032,김주리,배우,32
2031,김주영,배우,68
2030,김주혁,배우,48
2029,김준,배우,36
2028,김준구,배우,34
2027,김준성,배우,45
2026,김준현,개그맨,39
2025,김준호,개그맨,44
2024,김지미,배우,80
2023,김지민,개그우먼,35
2022,김지범,가수,21
2021,김지범,가수,21
2020,김지석,배우,39
2019,김지선,개그우먼,48
2018,김지성,배우,23
2017,김지수,배우,47
2016,김지원,배우,27
2015,김지유,배우,39
2014,김지현,가수,48
2013,김지혜,개그우먼,41
2012,김지호,개그맨,38
2011,김지호,배우,46
2010,김지훈,가수,47
2009,김지훈,배우,39
2008,김지훈,배우,41
2007,김진,배우,47
2006,김진곤,개그맨,35
2005,김진규,배우,98
2004,김진수,개그맨,49
2003,김진엽,배우,31
2002,김진우,배우,37
2001,김진우,가수,29
2000,김진철,개그맨,41
1999,김진태,배우,69
1998,김진표,가수,43
1997,김진호,가수,34
1996,김진환,가수,26
1995,김찬,개그맨,54
1994,김찬우,배우,53
1993,김창렬,가수,46
1992,김창숙,배우,71
1991,김창완,가수,66
1990,김창준,개그맨,63
1989,김창환,배우,34
1988,김철기,배우,46
1987,김철민,개그맨,36
1986,김청,배우,58
1985,김추자,가수,69
1984,김태균,개그맨,48
1983,김태리,배우,30
1982,김태우,가수,39
1981,김태우,가수,21
1980,김태우,배우,49
1979,김태원,가수,55
1978,김태형,가수,57
1977,김태화,가수,70
1976,김태환,개그맨,35
1975,김태훈,배우,45
1974,김태희,배우,40
1973,김필,가수,34
1972,김하경,배우,36
1971,김하늘,배우,42
1970,김하영,배우,41
1969,김학도,방송인,50
1968,김학래,방송인,66
1967,김학철,배우,61
1966,김한국,개그맨,59
1965,김한석,개그맨,48
1964,김해숙,배우,64
1963,김해인,배우,34
1962,김향기,배우,20
1961,김혁,배우,45
1960,김현균,배우,46
1959,김현수,배우,20
1958,김현식,가수,62
1957,김현우,배우,35
1956,김현주,배우,43
1955,김현중,가수,34
1954,김현철,개그맨,50
1953,김현철,가수,51
1952,김형곤,개그맨,63
1951,김형범,배우,44
1950,김형일,배우,59
1949,김형자,배우,70
1948,김형준,가수,33
1947,김형중,가수,47
1946,김혜리,배우,50
1945,김혜선,배우,51
1944,김혜성,배우,32
1943,김혜수,배우,50
1942,김혜옥,배우,62
1941,김혜윤,배우,23
1940,김혜은,배우,47
1939,김혜자,배우,79
1938,김혜준,배우,25
1937,김혜지,배우,27
1936,김호중,가수,29
1935,김홍조,가수,69
1934,김홍파,배우,58
1933,김홍표,배우,46
1932,김효원,배우,66
1931,김효진,배우,36
1930,김흥국,가수,61
1929,김희갑,배우,97
1928,김희라,배우,73
1927,김희선,배우,43
1926,김희애,배우,53
1925,김희원,개그우먼,34
1924,김희원,배우,49
1923,김희정,배우,49
1922,김희정,배우,28
1921,김희진,가수,45
1920,김희진,가수,45
1919,김희철,가수,37
1918,나나,가수,29
1917,나르샤,가수,38
1916,나미,가수,62
1915,나얼,가수,42
1914,나영진,배우,68
1913,나영희,배우,59
1912,나원주,가수,47
1911,나한일,배우,64
1910,나혜미,배우,29
1909,나훈아,가수,73
1908,남경민,배우,32
1907,남경주,배우,56
1906,남궁민,배우,42
1905,남궁연,방송인,53
1904,남궁옥분,가수,62
1903,남궁원,배우,86
1902,남규리,가수,35
1901,남능미,배우,73
1900,남다름,배우,18
1899,남명렬,배우,61
1898,남보라,배우,30
1897,남보원,배우,84
1896,남상미,배우,36
1895,남상아,가수,47
1894,남성진,배우,49
1893,남승민,가수,18
1892,남우현,가수,29
1891,남주혁,배우,26
1890,남지현,배우,25
1889,남진,가수,74
1888,남태현,가수,26
1887,남포동,배우,75
1886,남현주,배우,53
1885,남희석,개그맨,49
1884,넉살,가수,33
1883,노민우,가수,34
1882,노사연,가수,63
1881,노우진,개그맨,40
1880,노정렬,개그맨,49
1879,노주현,배우,74
1878,노지선,가수,21
1877,노지훈,가수,30
1876,노현희,배우,48
1875,노형욱,배우,34
1874,노홍철,방송인,41
1873,노희지,배우,32
1872,니콜,가수,29
1871,닉쿤,가수,32
1870,다나,가수,34
1869,다니엘헤니,배우,40
1868,닥터심슨,가수,32
1867,달수빈,가수,26
1866,대성,가수,31
1865,더콰이엇,가수,35
1864,던밀스,가수,32
1863,데니안,가수,41
1862,데니스오,모델,39
1861,데프콘,가수,43
1860,도건우,가수,55
1859,도금봉,배우,90
1858,도기석,배우,46
1857,도끼,가수,30
1856,도상우,배우,32
1855,도지원,배우,54
1854,도희,가수,26
1853,독고영재,배우,66
1852,돈스파이크,가수,43
1851,동우,가수,29
1850,동해,가수,34
1849,디노,가수,21
1848,디오,가수,27
1847,라미란,배우,45
1846,라비,가수,27
1845,라윤경,개그우먼,44
1844,라이머,가수,43
1843,라키,가수,21
1842,락채은,모델,31
1841,레오,가수,29
1840,레이,가수,29
1839,레이나,가수,31
1838,렉시,가수,43
1837,렌,가수,24
1836,려욱,가수,33
1835,로꼬,가수,30
1834,로운,가수,24
1833,로이킴,가수,27
1832,로제,가수,23
1831,루나,가수,27
1830,루시드폴,가수,45
1829,류근지,개그맨,36
1828,류담,개그맨,40
1827,류덕환,배우,33
1826,류선영,배우,32
1825,류수영,배우,41
1824,류승룡,배우,49
1823,류승범,배우,40
1822,류승주,배우,43
1821,류시원,가수,48
1820,류준열,배우,34
1819,류진,배우,47
1818,류현경,배우,37
1817,류혜영,배우,29
1816,류화영,배우,27
1815,리마리오,배우,48
1814,마동석,배우,49
1813,마이크로닷,가수,26
1812,마크,가수,21
1811,마흥식,배우,72
1810,맹봉학,배우,57
1809,맹승지,개그우먼,34
1808,맹호림,배우,75
1807,명계남,배우,68
1806,명세빈,배우,45
1805,무진성,배우,32
1804,문가영,배우,24
1803,문근영,배우,33
1802,문명진,가수,43
1801,문별,가수,27
1800,문빈,가수,22
1799,문성근,배우,67
1798,문세윤,개그맨,38
1797,문소리,배우,46
1796,문수진,배우,47
1795,문숙,배우,66
1794,문영미,코미디언,75
1793,문용민,배우,62
1792,문정희,배우,44
1791,문채원,배우,33
1790,문천식,개그맨,43
1789,문희,배우,73
1788,문희경,배우,55
1787,문희옥,가수,51
1786,문희준,가수,42
1785,미나,가수,47
1784,미나,가수,20
1783,미람,배우,31
1782,미료,가수,38
1781,미르,가수,29
1780,미미,가수,25
1779,미키광수,개그맨,36
1778,민서현,배우,34
1777,민성욱,배우,41
1776,민아,가수,27
1775,민영원,배우,36
1774,민우,가수,35
1773,민준현,배우,45
1772,민지아,배우,35
1771,민진웅,배우,34
1770,민찬기,배우,30
1769,민해경,가수,58
1768,민혁,가수,26
1767,민효린,가수,34
1766,민희,가수,27
1765,바다,가수,40
1764,바로,가수,28
1763,바비킴,가수,47
1762,박가령,배우,32
1761,박강수,가수,47
1760,박건태,배우,24
1759,박경,가수,28
1758,박경림,방송인,41
1757,박광남,배우,76
1756,박광정,배우,58
1755,박광현,배우,43
1754,박규리,배우,32
1753,박규선,개그맨,34
1752,박그리나,배우,35
1751,박근형,배우,80
1750,박기웅,배우,35
1749,박나래,개그우먼,34
1748,박남정,가수,54
1747,박노식,배우,90
1746,박노식,배우,49
1745,박동하,배우,46
1744,박두식,배우,32
1743,박명수,방송인,50
1742,박명훈,배우,45
1741,박미경,가수,54
1740,박미선,방송인,53
1739,박민균,가수,24
1738,박민영,배우,34
1737,박민우,배우,32
1736,박보검,배우,27
1735,박보미,배우,31
1734,박보영,배우,30
1733,박봄,가수,36
1732,박산다라,가수,35
1731,박상면,배우,52
1730,박상민,배우,49
1729,박상민,가수,56
1728,박상우,가수,34
1727,박상원,배우,61
1726,박상조,배우,74
1725,박새별,가수,34
1724,박서준,배우,31
1723,박선영,배우,44
1722,박성광,개그맨,39
1721,박성우,배우,32
1720,박성웅,배우,47
1719,박성원,가수,16
1718,박성호,개그맨,46
1717,박성훈,배우,35
1716,박세민,개그맨,62
1715,박세영,배우,32
1714,박세완,배우,26
1713,박소담,배우,29
1712,박소라,개그우먼,30
1711,박소영,개그우먼,33
1710,박소은,배우,24
1709,박소현,배우,49
1708,박솔미,배우,42
1707,박수림,개그우먼,47
1706,박수아,가수,28
1705,박수진,배우,34
1704,박수홍,개그맨,49
1703,박순애,배우,55
1702,박순천,배우,59
1701,박슬기,개그우먼,34
1700,박시연,배우,41
1699,박시현,가수,33
1698,박시후,배우,42
1697,박신아,배우,32
1696,박신혜,배우,30
1695,박영규,배우,66
1694,박영지,배우,69
1693,박영진,개그맨,39
1692,박예진,배우,39
1691,박완규,가수,46
1690,박용식,배우,73
1689,박용우,배우,49
1688,박용하,배우,43
1687,박우진,가수,20
1686,박웅,배우,80
1685,박원숙,배우,71
1684,박유나,배우,22
1683,박유천,가수,34
1682,박유환,배우,29
1681,박윤선,배우,47
1680,박은빈,배우,28
1679,박은석,배우,36
1678,박은혜,배우,42
1677,박인수,가수,73
1676,박인환,배우,75
1675,박장현,가수,31
1674,박재민,배우,37
1673,박재범,가수,33
1672,박재정,배우,40
1671,박정민,배우,33
1670,박정자,배우,78
1669,박정철,배우,43
1668,박정현,가수,44
1667,박정환,가수,47
1666,박종관,배우,74
1665,박주미,배우,48
1664,박주현,배우,26
1663,박주희,가수,43
1662,박준규,배우,56
1661,박준금,배우,58
1660,박준서,배우,46
1659,박준혁,배우,44
1658,박준형,가수,51
1657,박준형,개그맨,44
1656,박준희,가수,46
1655,박중훈,배우,54
1654,박지빈,배우,25
1653,박지선,개그우먼,35
1652,박지수,배우,32
1651,박지영,배우,51
1650,박지윤,가수,38
1649,박지훈,가수,21
1648,박진성,배우,57
1647,박진영,가수,48
1646,박진우,배우,47
1645,박진주,배우,31
1644,박진희,배우,42
1643,박철,배우,52
1642,박철민,배우,53
1641,박칠용,배우,69
1640,박하나,가수,35
1639,박하선,배우,32
1638,박한별,배우,35
1637,박해미,배우,56
1636,박해일,배우,43
1635,박해진,배우,37
1634,박혁권,배우,49
1633,박혁민,배우,41
1632,박현진,배우,38
1631,박형선,배우,46
1630,박형식,가수,28
1629,박혜수,배우,25
1628,박혜숙,배우,72
1627,박혜진,배우,62
1626,박호산,배우,48
1625,박환희,배우,30
1624,박효신,가수,38
1623,박효주,배우,38
1622,박효준,배우,40
1621,박휘순,개그맨,43
1620,박희본,배우,37
1619,박희진,개그우먼,47
1618,반석진,배우,75
1617,반세정,배우,34
1616,반소영,배우,32
1615,반효정,배우,77
1614,방미,가수,60
1613,방실이,가수,56
1612,방용국,가수,30
1611,방은진,배우,55
1610,방은희,배우,52
1609,방중현,배우,46
1608,배그린,배우,31
1607,배기성,가수,48
1606,배다빈,배우,26
1605,배동성,개그맨,55
1604,배두나,배우,41
1603,배삼룡,개그맨,93
1602,배성우,배우,47
1601,배소은,배우,32
1600,배수빈,배우,43
1599,배슬기,배우,34
1598,배연정,개그우먼,68
1597,배영만,개그맨,60
1596,배용근,배우,45
1595,배용준,배우,48
1594,배유람,배우,34
1593,배인숙,가수,69
1592,배인순,가수,71
1591,배일집,개그맨,73
1590,배일호,가수,63
1589,배정화,배우,35
1588,배종옥,배우,56
1587,배진영,가수,20
1586,배철수,가수,67
1585,배해선,배우,46
1584,배호,가수,78
1583,배효원,배우,32
1582,백남봉,방송인,81
1581,백다은,배우,32
1580,백미현,가수,54
1579,백봉기,배우,39
1578,백성현,배우,31
1577,백순진,가수,71
1576,백승도,배우,25
1575,백승현,배우,45
1574,백승환,배우,22
1573,백영규,가수,68
1572,백옥담,배우,34
1571,백원길,배우,48
1570,백윤식,배우,73
1569,백인철,배우,73
1568,백일섭,배우,76
1567,백재현,개그맨,50
1566,백주호,가수,24
1565,백준기,배우,67
1564,백지영,가수,44
1563,백진희,배우,30
1562,백현,가수,28
1561,백현진,배우,48
1560,베이식,가수,34
1559,변기수,개그맨,41
1558,변승윤,개그맨,44
1557,변요한,배우,34
1556,변우민,배우,55
1555,변재원,가수,45
1554,변정수,모델,46
1553,변진섭,가수,54
1552,변희봉,배우,78
1551,보나,가수,25
1550,보람,가수,34
1549,보아,가수,33
1548,봉구,가수,34
1547,봉태규,배우,39
1546,붐,가수,38
1545,뷔,가수,24
1544,비,가수,38
1543,비범,가수,29
1542,비지,가수,40
1541,빅토리아,가수,33
1540,빈지노,가수,33
1539,사무엘,가수,18
1538,사미자,배우,80
1537,사이먼도미닉,가수,36
1536,사준,가수,45
1535,산들,가수,28
1534,산이,가수,35
1533,샘김,가수,22
1532,서강준,배우,27
1531,서경석,개그맨,48
1530,서남용,개그맨,41
1529,서동갑,배우,44
1528,서동욱,가수,46
1527,서동원,배우,41
1526,서동천,가수,35
1525,서민정,배우,41
1524,서세원,개그맨,64
1523,서수남,가수,77
1522,서승만,개그맨,56
1521,서승현,배우,77
1520,서신애,배우,21
1519,서영은,가수,47
1518,서영주,배우,22
1517,서영춘,개그맨,92
1516,서영희,배우,41
1515,서예지,배우,30
1514,서우,배우,35
1513,서우림,배우,78
1512,서유석,가수,75
1511,서은광,가수,29
1510,서은수,배우,26
1509,서은아,배우,31
1508,서인국,가수,32
1507,서장훈,방송인,46
1506,서재경,배우,38
1505,서정연,배우,45
1504,서준영,배우,33
1503,서지승,배우,32
1502,서지오,가수,49
1501,서지원,가수,44
1500,서지혜,배우,36
1499,서지훈,배우,23
1498,서춘화,개그우먼,47
1497,서태지,가수,48
1496,서태훈,개그맨,33
1495,서하준,배우,31
1494,서현,가수,29
1493,서현석,배우,31
1492,서현진,배우,35
1491,서호철,배우,45
1490,서효림,배우,35
1489,서희승,배우,68
1488,선동열,선수,57
1487,선미,가수,28
1486,선우선,배우,45
1485,선우용여,배우,75
1484,선우은숙,배우,60
1483,선우재덕,배우,58
1482,설경구,배우,53
1481,설리,배우,26
1480,설수진,배우,46
1479,설운도,가수,62
1478,설하윤,가수,28
1477,설현,가수,25
1476,성대현,방송인,47
1475,성동일,배우,53
1474,성민,가수,34
1473,성시경,가수,41
1472,성유리,배우,39
1471,성유빈,가수,33
1470,성제,가수,33
1469,성준,배우,30
1468,성지루,배우,52
1467,성창훈,배우,45
1466,성훈,배우,37
1465,세븐,가수,35
1464,세훈,가수,26
1463,션,가수,48
1462,소명,가수,61
1461,소연,가수,33
1460,소유,가수,28
1459,소유진,배우,39
1458,소이현,배우,36
1457,소지섭,배우,42
1456,소희정,배우,47
1455,손담비,가수,37
1454,손동운,가수,29
1453,손범수,방송인,56
1452,손병호,배우,58
1451,손석구,배우,37
1450,손성훈,가수,49
1449,손숙,배우,76
1448,손승원,배우,30
1447,손여은,배우,37
1446,손예진,배우,38
1445,손정민,배우,43
1444,손종학,배우,53
1443,손지연,가수,47
1442,손지창,가수,50
1441,손진영,가수,34
1440,손진호,배우,46
1439,손창민,배우,55
1438,손태영,배우,40
1437,손헌수,개그맨,40
1436,손현주,배우,55
1435,손호균,배우,57
1434,손호영,가수,40
1433,손호준,배우,36
1432,솔지,가수,31
1431,송강호,배우,53
1430,송대관,가수,74
1429,송민형,배우,66
1428,송민호,가수,27
1427,송백경,가수,41
1426,송병철,개그맨,39
1425,송선미,배우,46
1424,송송이,배우,47
1423,송승헌,배우,44
1422,송승현,가수,28
1421,송영길,개그맨,35
1420,송영창,배우,62
1419,송옥숙,배우,60
1418,송요셉,배우,47
1417,송용태,배우,68
1416,송윤아,배우,47
1415,송윤형,가수,25
1414,송은이,방송인,47
1413,송인화,배우,32
1412,송일국,배우,49
1411,송재림,배우,35
1410,송재호,배우,83
1409,송재희,배우,40
1408,송종호,배우,44
1407,송준근,개그맨,40
1406,송중기,배우,35
1405,송지은,가수,30
1404,송지효,배우,39
1403,송창식,가수,73
1402,송창의,배우,41
1401,송채윤,배우,33
1400,송하윤,배우,33
1399,송해,가수,93
1398,송해나,모델,33
1397,송혜교,배우,38
1396,수애,배우,41
1395,수영,배우,30
1394,수지,가수,26
1393,수현,배우,35
1392,수호,가수,29
1391,숙희,가수,38
1390,슈가,가수,27
1389,스윙스,가수,34
1388,스컬,가수,40
1387,스테파니,가수,33
1386,스테파니리,모델,27
1385,승리,가수,29
1384,승호,배우,33
1383,승훈,가수,21
1382,시우민,가수,30
1381,시원,가수,33
1380,신구,배우,84
1379,신국,배우,72
1378,신다은,배우,35
1377,신대철,가수,53
1376,신도현,배우,24
1375,신동,가수,35
1374,신동기,배우,23
1373,신동미,배우,42
1372,신동엽,개그맨,49
1371,신동욱,배우,38
1370,신동훈,배우,67
1369,신민아,배우,36
1368,신민철,배우,34
1367,신보라,개그우먼,33
1366,신봉선,개그우먼,40
1365,신성록,배우,37
1364,신성우,가수,52
1363,신성일,배우,83
1362,신세경,배우,30
1361,신소미,배우,45
1360,신소율,배우,35
1359,신소희,가수,33
1358,신수항,배우,33
1357,신승훈,가수,54
1356,신애라,배우,51
1355,신영균,배우,91
1354,신영일,방송인,47
1353,신예은,배우,22
1352,신원호,가수,28
1351,신유,가수,37
1350,신윤철,가수,51
1349,신은경,배우,47
1348,신은정,배우,46
1347,신재하,배우,27
1346,신정근,배우,54
1345,신정환,가수,46
1344,신주환,배우,34
1343,신중현,가수,82
1342,신지,가수,38
1341,신지훈,배우,32
1340,신충식,배우,78
1339,신하균,배우,46
1338,신해철,가수,52
1337,신현빈,배우,34
1336,신현수,배우,31
1335,신현준,배우,51
1334,신형원,가수,62
1333,신혜선,배우,31
1332,신혜성,가수,40
1331,심문규,개그맨,30
1330,심수봉,가수,65
1329,심신,가수,53
1328,심양홍,배우,76
1327,심은경,배우,26
1326,심은우,배우,28
1325,심은하,배우,48
1324,심이영,배우,40
1323,심지호,배우,39
1322,심현섭,개그맨,50
1321,심형래,개그맨,62
1320,심형탁,배우,42
1319,심혜진,배우,53
1318,싸이,가수,42
1317,써니,가수,31
1316,아름,가수,26
1315,아린,가수,21
1314,아유미,가수,36
1313,아이린,가수,29
1312,아이유,가수,27
1311,안길강,배우,54
1310,안내상,배우,55
1309,안병경,배우,72
1308,안상태,개그맨,42
1307,안석환,배우,60
1306,안성기,배우,68
1305,안세하,배우,34
1304,안소희,배우,28
1303,안영미,개그우먼,36
1302,안용준,배우,32
1301,안우연,배우,29
1300,안윤상,개그맨,38
1299,안인숙,배우,68
1298,안일권,개그맨,41
1297,안재모,배우,41
1296,안재민,배우,34
1295,안재욱,배우,48
1294,안재현,모델,33
1293,안재홍,배우,34
1292,안재환,배우,48
1291,안정환,방송인,44
1290,안홍진,배우,46
1289,안효섭,배우,25
1288,알렉스,가수,41
1287,앤디,가수,39
1286,얀,가수,47
1285,양동근,배우,41
1284,양미경,배우,59
1283,양상국,개그맨,37
1282,양선일,개그맨,41
1281,양세종,배우,27
1280,양세찬,개그맨,33
1279,양세형,개그맨,35
1278,양수경,가수,53
1277,양승걸,배우,57
1276,양영준,배우,79
1275,양요섭,가수,30
1274,양원경,개그맨,52
1273,양재성,배우,75
1272,양재희,개그우먼,44
1271,양종철,개그맨,57
1270,양준일,가수,51
1269,양지원,가수,32
1268,양진성,배우,32
1267,양진우,배우,41
1266,양택조,배우,81
1265,양파,가수,41
1264,양현경,가수,62
1263,양현모,배우,21
1262,양현석,가수,50
1261,양희은,가수,68
1260,엄기준,배우,44
1259,엄다혜,배우,43
1258,엄상미,모델,28
1257,엄앵란,배우,84
1256,엄용수,개그맨,67
1255,엄유신,배우,69
1254,엄인호,가수,67
1253,엄정필,개그우먼,48
1252,엄정화,배우,51
1251,엄지원,배우,42
1250,엄태웅,배우,46
1249,엄현경,배우,33
1248,엄효섭,배우,53
1247,에디킴,가수,29
1246,에릭,가수,41
1245,에릭남,가수,31
1244,에스쿱스,가수,25
1243,에일리,가수,31
1242,엔,가수,30
1241,엘,가수,28
1240,엠버,가수,28
1239,여욱환,배우,40
1238,여운계,배우,80
1237,여지,배우,33
1236,여진,가수,17
1235,여진구,배우,23
1234,여회현,배우,26
1233,연우진,배우,36
1232,연운경,배우,67
1231,연정,가수,21
1230,연제욱,배우,33
1229,연준,가수,21
1228,염경환,개그맨,49
1227,염수연,가수,52
1226,염정아,배우,48
1225,영비,가수,21
1224,영탁,가수,37
1223,예리,가수,21
1222,예성,가수,36
1221,예은,가수,31
1220,예지,가수,20
1219,예지원,배우,47
1218,예진,가수,53
1217,오경아,배우,75
1216,오기택,가수,81
1215,오나라,배우,45
1214,오나미,개그우먼,36
1213,오달수,배우,52
1212,오대규,배우,52
1211,오미희,배우,62
1210,오민석,배우,40
1209,오세정,배우,45
1208,오션검,가수,21
1207,오수미,배우,70
1206,오승근,가수,68
1205,오승아,가수,32
1204,오승윤,배우,29
1203,오승은,배우,41
1202,오연서,배우,33
1201,오연수,배우,48
1200,오영수,배우,75
1199,오원빈,가수,30
1198,오윤아,모델,40
1197,오인혜,배우,36
1196,오재미,개그맨,64
1195,오정세,배우,43
1194,오정태,배우,43
1193,오종혁,가수,37
1192,오지명,배우,81
1191,오지영,배우,44
1190,오지은,배우,38
1189,오지헌,개그맨,41
1188,오지혜,배우,52
1187,오지호,배우,44
1186,오창경,배우,44
1185,오창석,배우,38
1184,오하늬,배우,30
1183,오현경,배우,50
1182,오현철,배우,35
1181,오협,배우,47
1180,옥소리,배우,51
1179,옥주현,가수,40
1178,온유,가수,30
1177,온주완,배우,36
1176,옹성우,가수,25
1175,왕룡,배우,60
1174,왕빛나,배우,39
1173,왕종근,방송인,66
1172,왕지원,배우,31
1171,왕지혜,배우,34
1170,요아리,가수,33
1169,용준형,가수,30
1168,용희,가수,20
1167,우기홍,배우,47
1166,우도환,배우,28
1165,우상전,배우,70
1164,우순실,가수,57
1163,우연정,배우,71
1162,우영,가수,31
1161,우혜림,가수,28
1160,우희진,배우,45
1159,웅산,가수,47
1158,원기준,배우,46
1157,원미경,배우,60
1156,원빈,배우,42
1155,원진아,배우,29
1154,위양호,개그맨,48
1153,위지웅,배우,34
1152,위하준,배우,29
1151,유건형,가수,41
1150,유경아,배우,47
1149,유권,가수,28
1148,유노윤호,가수,34
1147,유다인,배우,36
1146,유동근,배우,64
1145,유라,가수,27
1144,유리,배우,30
1143,유미리,가수,55
1142,유민규,배우,33
1141,유민상,개그맨,41
1140,유병재,방송인,32
1139,유빈,가수,32
1138,유상무,개그맨,40
1137,유선,배우,44
1136,유성은,가수,31
1135,유세윤,개그맨,40
1134,유승봉,배우,69
1133,유승우,가수,23
1132,유승준,가수,43
1131,유승호,배우,27
1130,유아인,배우,34
1129,유연석,배우,36
1128,유오성,배우,54
1127,유이,배우,32
1126,유인나,배우,38
1125,유인영,배우,36
1124,유인촌,배우,69
1123,유재명,배우,47
1122,유재석,개그맨,48
1121,유재하,가수,58
1120,유정아,방송인,53
1119,유정현,방송인,52
1118,유준상,배우,50
1117,유지인,배우,64
1116,유지태,배우,44
1115,유진,배우,39
1114,유채영,가수,47
1113,유태웅,배우,48
1112,유하나,배우,34
1111,유하영,배우,46
1110,유하준,배우,41
1109,유해진,배우,50
1108,유현상,가수,66
1107,유혜영,배우,64
1106,유혜정,배우,47
1105,유호정,배우,51
1104,유희열,가수,49
1103,육성재,가수,25
1102,윤경호,배우,40
1101,윤계상,배우,41
1100,윤균상,배우,33
1099,윤기원,배우,49
1098,윤다훈,배우,55
1097,윤덕용,배우,78
1096,윤도현,가수,48
1095,윤두준,가수,31
1094,윤문식,배우,77
1093,윤미라,배우,68
1092,윤미래,가수,39
1091,윤미영,배우,44
1090,윤민수,가수,40
1089,윤박,배우,32
1088,윤보라,배우,30
1087,윤복희,가수,74
1086,윤상,가수,52
1085,윤상현,배우,47
1084,윤서진,배우,37
1083,윤서진,배우,32
1082,윤석주,개그맨,46
1081,윤선우,배우,35
1080,윤성한,가수,41
1079,윤성호,개그맨,43
1078,윤세아,배우,42
1077,윤세인,배우,33
1076,윤소이,배우,35
1075,윤소희,배우,27
1074,윤손하,배우,44
1073,윤수일,가수,65
1072,윤수현,가수,31
1071,윤순홍,배우,64
1070,윤승아,배우,37
1069,윤시윤,배우,34
1068,윤아,가수,30
1067,윤양하,배우,80
1066,윤여정,배우,73
1065,윤예리,배우,43
1064,윤유선,배우,51
1063,윤은혜,배우,36
1062,윤이지,가수,45
1061,윤일봉,배우,86
1060,윤정수,개그맨,48
1059,윤정희,배우,76
1058,윤종신,가수,51
1057,윤종화,배우,40
1056,윤종훈,배우,36
1055,윤주,배우,30
1054,윤주상,배우,71
1053,윤주희,배우,35
1052,윤지성,가수,29
1051,윤지숙,배우,47
1050,윤지연,방송인,34
1049,윤지유,배우,33
1048,윤지혜,배우,40
1047,윤진서,배우,37
1046,윤진이,배우,30
1045,윤채경,가수,24
1044,윤채성,배우,32
1043,윤태영,배우,46
1042,윤택,개그맨,48
1041,윤하,가수,32
1040,윤현민,배우,35
1039,윤형빈,개그맨,40
1038,윤형주,가수,72
1037,윤혜경,배우,41
1036,윤효동,개그우먼,34
1035,윤희석,배우,45
1034,윤희정,배우,67
1033,은서우,배우,23
1032,은정,가수,31
1031,은정,가수,31
1030,은지,가수,32
1029,은지원,가수,42
1028,은혁,가수,34
1027,은희,가수,69
1026,이가희,가수,35
1025,이건주,배우,39
1024,이경규,방송인,60
1023,이경래,배우,59
1022,이경실,개그우먼,54
1021,이경애,개그우먼,55
1020,이경영,배우,59
1019,이계영,배우,67
1018,이계인,배우,68
1017,이계진,방송인,73
1016,이광섭,개그맨,40
1015,이광수,배우,35
1014,이광조,가수,67
1013,이국주,개그우먼,34
1012,이규한,배우,40
1011,이규형,배우,36
1010,이금희,방송인,53
1009,이기광,가수,30
1008,이기영,배우,57
1007,이기용,배우,35
1006,이기우,배우,38
1005,이기찬,가수,41
1004,이기홍,배우,34
1003,이나영,배우,41
1002,이나은,가수,21
1001,이다윗,배우,26
1000,이다인,배우,35
999,이다인,배우,27
998,이다해,배우,36
997,이다희,배우,35
996,이달,배우,32
995,이대근,배우,77
994,이대성,코미디언,84
993,이대휘,가수,19
992,이덕화,배우,68
991,이도연,배우,34
990,이동건,배우,40
989,이동엽,개그맨,41
988,이동욱,배우,38
987,이동원,가수,69
986,이동윤,개그맨,41
985,이동휘,배우,35
984,이랑,가수,34
983,이만기,방송인,57
982,이명주,가수,62
981,이명훈,가수,62
980,이무생,배우,40
979,이무송,가수,61
978,이문세,가수,63
977,이문식,배우,52
976,이문재,개그맨,38
975,이미소,배우,31
974,이미숙,배우,60
973,이미연,배우,49
972,이미자,가수,78
971,이민기,배우,35
970,이민우,가수,41
969,이민정,배우,38
968,이민지,배우,31
967,이민혁,가수,29
966,이민호,배우,33
965,이박사,가수,66
964,이범수,배우,50
963,이병욱,배우,46
962,이병준,배우,56
961,이병진,개그맨,50
960,이병철,배우,71
959,이병헌,배우,50
958,이보람,가수,33
957,이보영,배우,41
956,이보희,배우,61
955,이봉걸,선수,63
954,이봉규,배우,71
953,이봉원,개그맨,57
952,이상민,가수,47
951,이상민,개그맨,39
950,이상벽,방송인,73
949,이상순,가수,46
948,이상아,배우,48
947,이상엽,배우,37
946,이상용,방송인,76
945,이상우,가수,57
944,이상우,배우,40
943,이상운,개그맨,60
942,이상원,가수,55
941,이상원,배우,38
940,이상윤,배우,39
939,이상은,가수,50
938,이상해,코미디언,74
937,이상호,개그맨,39
936,이상화,개그맨,47
935,이샘,가수,33
934,이서진,배우,49
933,이선균,배우,45
932,이선빈,배우,26
931,이선아,배우,35
930,이선진,배우,46
929,이선희,가수,55
928,이설,배우,27
927,이설아,배우,33
926,이성경,배우,30
925,이성동,개그맨,39
924,이성미,개그우먼,60
923,이성민,배우,51
922,이성애,가수,68
921,이성욱,가수,46
920,이성재,배우,50
919,이성종,가수,27
918,이성혜,배우,31
917,이성호,배우,71
916,이세영,배우,27
915,이세준,가수,48
914,이세진,개그맨,33
913,이세창,배우,50
912,이센스,가수,33
911,이소라,가수,50
910,이소라,모델,50
909,이소연,배우,38
908,이소윤,배우,34
907,이수경,배우,38
906,이수경,배우,23
905,이수근,개그맨,45
904,이수만,가수,68
903,이수미,가수,68
902,이수민,배우,19
901,이수빈,배우,24
900,이수영,가수,68
899,이수영,가수,41
898,이수지,개그우먼,35
897,이수혁,배우,32
896,이수현,가수,21
895,이순재,배우,85
894,이승기,가수,33
893,이승윤,개그맨,43
892,이승주,배우,37
891,이승준,배우,47
890,이승철,가수,53
889,이승호,배우,73
888,이승환,가수,54
887,이승효,배우,40
886,이승훈,가수,28
885,이시강,가수,33
884,이시아,배우,30
883,이시언,배우,38
882,이시영,배우,38
881,이시원,배우,33
880,이신애,배우,30
879,이신재,배우,77
878,이아립,가수,46
877,이아현,배우,48
876,이애란,가수,57
875,이언,배우,39
874,이얼,배우,56
873,이엘,배우,38
872,이엘리야,배우,30
871,이연수,배우,50
870,이연희,배우,32
869,이영,가수,28
868,이영범,배우,58
867,이영아,배우,35
866,이영애,배우,49
865,이영은,배우,38
864,이영자,배우,52
863,이영진,모델,39
862,이영하,배우,70
861,이영화,가수,62
860,이영후,배우,80
859,이예린,가수,46
858,이예은,배우,31
857,이예준,가수,32
856,이옥주,개그우먼,51
855,이완,배우,36
854,이요원,배우,40
853,이요원,배우,40
852,이용복,가수,68
851,이용식,개그맨,68
850,이용진,개그맨,34
849,이원구,개그맨,36
848,이원종,배우,54
847,이유리,배우,40
846,이유비,배우,29
845,이유애린,가수,32
844,이유영,배우,30
843,이윤석,개그맨,48
842,이윤성,배우,47
841,이윤지,배우,36
840,이은성,배우,32
839,이은우,배우,40
838,이은주,배우,39
837,이은하,가수,59
836,이은형,개그우먼,37
835,이의정,배우,44
834,이이경,배우,31
833,이인성,배우,24
832,이인철,배우,69
831,이일웅,배우,78
830,이일재,배우,59
829,이장우,배우,34
828,이장우,가수,47
827,이장훈,배우,48
826,이장희,가수,73
825,이재균,배우,30
824,이재용,배우,57
823,이재원,가수,40
822,이재원,배우,34
821,이재윤,배우,35
820,이재응,배우,29
819,이재준,배우,29
818,이재진,배우,28
817,이재진,가수,41
816,이재포,개그맨,60
815,이재황,배우,43
814,이재훈,가수,46
813,이적,가수,46
812,이정규,개그맨,34
811,이정길,배우,76
810,이정석,가수,53
809,이정선,가수,70
808,이정성,배우,56
807,이정수,개그맨,40
806,이정수,개그맨,33
805,이정신,가수,29
804,이정윤,배우,31
803,이정재,배우,47
802,이정진,배우,42
801,이정현,가수,40
800,이제니,배우,41
799,이제훈,배우,36
798,이종박,배우,45
797,이종석,배우,31
796,이종수,배우,43
795,이종혁,배우,46
794,이종훈,개그맨,38
793,이주나,배우,45
792,이주노,가수,53
791,이주승,배우,31
790,이주실,배우,76
789,이주연,가수,33
788,이주영,배우,33
787,이주우,배우,30
786,이주일,배우,79
785,이주현,배우,44
784,이주희,배우,46
783,이준,배우,32
782,이준기,배우,38
781,이준혁,배우,48
780,이준혁,배우,36
779,이지아,배우,42
778,이지훈,배우,31
777,이진성,가수,35
776,이진아,가수,29
775,이진욱,배우,39
774,이진호,개그맨,34
773,이진환,개그맨,41
772,이찬원,가수,23
771,이찬혁,가수,24
770,이찬호,배우,31
769,이창명,개그맨,50
768,이창민,가수,34
767,이창윤,개그맨,28
766,이창환,배우,68
765,이창훈,배우,54
764,이창훈,개그맨,65
763,이채영,배우,34
762,이채원,배우,31
761,이천희,배우,41
760,이철민,배우,50
759,이청,배우,57
758,이청아,배우,35
757,이춘식,배우,79
756,이치현,가수,65
755,이태곤,배우,42
754,이태란,배우,45
753,이태성,배우,35
752,이태식,개그맨,48
751,이특,가수,37
750,이필립,배우,39
749,이필모,배우,46
748,이하나,배우,38
747,이하늘,가수,49
746,이하늬,배우,37
745,이하원,배우,64
744,이하율,배우,33
743,이하이,가수,24
742,이한위,배우,59
741,이한철,가수,47
740,이해리,가수,35
739,이혁재,개그맨,47
738,이현경,배우,48
737,이현도,가수,48
736,이현섭,가수,41
735,이현우,가수,54
734,이현정,개그우먼,33
733,이현진,배우,35
732,이혜리,가수,53
731,이혜빈,가수,34
730,이혜영,가수,48
729,이호재,배우,79
728,이홍기,가수,30
727,이홍렬,개그맨,66
726,이화시,배우,69
725,이효리,가수,41
724,이효정,배우,59
723,이훈,배우,47
722,이휘재,개그맨,47
721,이휘향,배우,59
720,이희구,개그우먼,52
719,이희준,배우,41
718,이희진,배우,41
717,인교진,배우,40
716,인순이,가수,63
715,임동진,배우,76
714,임백천,방송인,62
713,임상아,가수,47
712,임선택,가수,66
711,임성훈,방송인,70
710,임세미,배우,33
709,임세준,가수,31
708,임수정,배우,41
707,임수정,가수,57
706,임수향,배우,30
705,임슬옹,가수,33
704,임시완,가수,31
703,임영규,배우,64
702,임영웅,가수,29
701,임예진,배우,60
700,임우일,배우,39
699,임원희,배우,50
698,임유진,배우,39
697,임윤호,배우,30
696,임은경,배우,36
695,임은혜,배우,32
694,임재범,가수,58
693,임재욱,가수,46
692,임정은,배우,39
691,임종혁,개그맨,33
690,임주리,가수,61
689,임주은,배우,32
688,임주환,배우,38
687,임지연,배우,30
686,임창정,가수,46
685,임창제,가수,68
684,임채무,배우,71
683,임채원,배우,48
682,임태경,가수,47
681,임하룡,방송인,67
680,임한별,가수,31
679,임혁,배우,71
678,임혁필,개그맨,48
677,임현식,배우,74
676,임형준,배우,46
675,임호,배우,50
674,임화영,배우,36
673,임희숙,가수,70
672,임희춘,코미디언,87
671,자니윤,방송인,83
670,자메즈,가수,31
669,자이언티,가수,31
668,장가현,배우,43
667,장계현,가수,70
666,장광,배우,68
665,장근석,배우,33
664,장기영,개그맨,37
663,장기용,모델,28
662,장기하,가수,38
661,장나라,가수,39
660,장남열,배우,53
659,장덕,가수,59
658,장도연,개그우먼,35
657,장동건,배우,48
656,장동민,개그맨,41
655,장동윤,배우,28
654,장동휘,배우,100
653,장두석,개그맨,63
652,장두이,배우,68
651,장명갑,배우,45
650,장미관,배우,31
649,장미화,개그우먼,50
648,장미화,가수,74
647,장미희,배우,62
646,장민호,가수,43
645,장범준,가수,31
644,장서희,배우,48
643,장성원,배우,44
642,장세현,배우,33
641,장수원,가수,40
640,장슬기,개그우먼,31
639,장승조,배우,38
638,장신영,배우,36
637,장아영,배우,31
636,장영남,배우,46
635,장용,배우,75
634,장우혁,가수,42
633,장웅,개그맨,48
632,장윤석,개그맨,33
631,장윤정,가수,40
630,장은비,배우,47
629,장인섭,배우,33
628,장인한,배우,102
627,장자연,배우,40
626,장재영,개그맨,43
625,장정희,배우,62
624,장진영,배우,48
623,장필순,가수,57
622,장항선,배우,73
621,장혁,배우,43
620,장현성,배우,50
619,장현승,가수,31
618,장혜진,가수,55
617,장호일,가수,55
616,장효인,개그우먼,37
615,장희수,배우,57
614,장희영,가수,35
613,장희진,배우,37
612,재효,가수,29
611,재희,배우,40
610,전계현,배우,83
609,전광렬,배우,60
608,전국환,배우,68
607,전노민,배우,54
606,전도연,배우,47
605,전무송,배우,79
604,전미도,배우,38
603,전미선,배우,49
602,전성우,배우,32
601,전성초,배우,31
600,전세영,배우,57
599,전소니,배우,29
598,전소미,가수,19
597,전소민,배우,34
596,전소연,가수,22
595,전수진,배우,31
594,전수희,개그우먼,32
593,전승배,개그맨,32
592,전양자,배우,78
591,전여빈,배우,31
590,전영록,가수,66
589,전영미,개그우먼,48
588,전웅,가수,23
587,전원석,가수,57
586,전원주,배우,81
585,전유나,가수,51
584,전유성,개그맨,71
583,전인권,가수,66
582,전인화,배우,54
581,전지윤,가수,30
580,전지현,배우,38
579,전진,가수,40
578,전창걸,배우,52
577,전태수,배우,36
576,전현무,방송인,42
575,전혜빈,배우,37
574,전혜진,배우,44
573,전혜진,배우,32
572,전환규,개그맨,39
571,전효성,가수,31
570,전효실,개그우먼,48
569,정가람,배우,27
568,정겨운,배우,38
567,정경미,개그우먼,40
566,정경호,배우,48
565,정경호,배우,37
564,정국,가수,23
563,정기섭,배우,46
562,정다빈,배우,20
561,정다빈,배우,40
560,정다솔,배우,31
559,정다영,배우,34
558,정다혜,배우,33
557,정다혜,배우,35
556,정동남,배우,69
555,정동하,가수,40
554,정동환,배우,71
553,정려원,배우,39
552,정명재,개그맨,62
551,정명현,배우,44
550,정명환,배우,60
549,정명훈,개그맨,41
548,정문성,배우,39
547,정민,배우,43
546,정민성,배우,45
545,정민아,배우,26
544,정범균,개그맨,33
543,정보석,배우,58
542,정상철,배우,72
541,정상훈,배우,44
540,정석용,배우,49
539,정석원,배우,35
538,정선희,개그우먼,48
537,정성한,개그맨,49
536,정성호,개그맨,46
535,정성화,배우,45
534,정소민,배우,31
533,정수교,배우,33
532,정수라,가수,56
531,정승빈,개그맨,29
530,정승환,가수,24
529,정애란,배우,93
528,정애리,배우,60
527,정연주,배우,30
526,정영숙,배우,73
525,정용국,개그맨,43
524,정용화,가수,31
523,정우,배우,39
522,정우성,배우,47
521,정운용,배우,72
520,정운택,배우,45
519,정웅인,배우,49
518,정원관,가수,55
517,정유미,배우,36
516,정유미,배우,37
515,정유안,배우,21
514,정윤희,배우,66
513,정은선,배우,33
512,정은우,배우,34
511,정은지,가수,27
510,정은채,배우,33
509,정은표,배우,54
508,정의철,배우,35
507,정인,가수,39
506,정인기,배우,54
505,정인선,배우,29
504,정일우,배우,33
503,정재순,배우,73
502,정재영,배우,49
501,정재용,가수,47
500,정재윤,개그우먼,52
499,정재형,가수,50
498,정재환,개그맨,59
497,정종철,방송인,43
496,정주리,개그우먼,35
495,정주연,배우,31
494,정준,배우,41
493,정준영,가수,31
492,정준하,개그맨,49
491,정준호,배우,50
490,정지영,방송인,45
489,정진각,배우,67
488,정진영,배우,55
487,정진운,가수,29
486,정찬우,개그맨,52
485,정찬우,가수,22
484,정채연,가수,22
483,정철욱,개그맨,33
482,정태춘,가수,66
481,정태호,개그맨,42
480,정하나,가수,30
479,정하담,배우,26
478,정하윤,배우,33
477,정한비,배우,34
476,정한용,배우,66
475,정한헌,배우,66
474,정해인,배우,32
473,정해철,개그맨,34
472,정헌,배우,33
471,정헌범,개그맨,61
470,정현,배우,75
469,정형돈,개그맨,42
468,정혜선,배우,78
467,정혜성,배우,29
466,정혜영,배우,46
465,정호빈,배우,51
464,정훈희,가수,68
463,정희철,가수,30
462,제시,가수,31
461,제아,가수,39
460,제이,가수,43
459,제이민,가수,32
458,제이켠,가수,35
457,제이홉,가수,26
456,조PD,가수,44
455,조갑경,가수,53
454,조경수,가수,71
453,조경훈,배우,30
452,조권,가수,31
451,조금산,배우,56
450,조달환,배우,39
449,조덕배,가수,61
448,조동혁,배우,41
447,조명남,배우,77
446,조명진,배우,41
445,조문근,가수,35
444,조미,가수,34
443,조민기,배우,54
442,조병규,배우,24
441,조보아,배우,29
440,조복래,배우,34
439,조성모,가수,43
438,조성윤,배우,35
437,조성하,배우,54
436,조세호,개그맨,38
435,조수원,개그맨,41
434,조승우,배우,40
433,조승희,배우,29
432,조안,배우,37
431,조여정,배우,39
430,조영구,방송인,53
429,조영남,가수,75
428,조영진,배우,57
427,조완기,배우,38
426,조용필,가수,70
425,조우리,배우,28
424,조유진,가수,43
423,조윤우,배우,29
422,조윤호,개그맨,42
421,조윤희,배우,38
420,조은지,배우,39
419,조이,가수,24
418,조인성,배우,39
417,조장혁,가수,47
416,조재윤,배우,46
415,조재현,배우,55
414,조재훈,배우,70
413,조정석,배우,39
412,조정은,배우,24
411,조정치,가수,42
410,조정현,가수,56
409,조정현,개그맨,61
408,조진웅,배우,44
407,조춘,배우,79
406,조태관,배우,34
405,조한선,배우,39
404,조항조,가수,61
403,조현재,배우,40
402,조현철,배우,33
401,조형기,배우,62
400,조혜련,개그우먼,50
399,조혜영,배우,42
398,존박,가수,32
397,종현,가수,30
396,주민경,배우,31
395,주병선,가수,55
394,주병진,방송인,61
393,주상욱,배우,42
392,주안,가수,35
391,주영훈,가수,50
390,주원,배우,33
389,주지훈,배우,38
388,주진모,배우,46
387,주찬,가수,21
386,주학년,가수,21
385,주현미,가수,58
384,주호성,배우,69
383,준케이,가수,32
382,준호,가수,30
381,줄리엔강,배우,38
380,지드래곤,가수,32
379,지민,가수,25
378,지상렬,개그맨,49
377,지석진,가수,54
376,지성,배우,43
375,지성,가수,18
374,지승현,배우,37
373,지연,가수,27
372,지오,가수,32
371,지우,배우,22
370,지일주,배우,34
369,지조,가수,34
368,지진희,배우,49
367,지창욱,배우,33
366,지코,가수,28
365,지혁,가수,33
364,지현우,배우,35
363,직재스퍼,가수,32
362,진,가수,27
361,진경,배우,48
360,진구,배우,40
359,진기주,배우,31
358,진미령,가수,62
357,진봉진,배우,78
356,진선규,배우,43
355,진세연,배우,26
354,진시몬,가수,50
353,진영,가수,28
352,진온,가수,31
351,진용욱,배우,45
350,진원,가수,31
349,진이한,배우,42
348,진재영,배우,43
347,진지희,배우,21
346,진진,가수,24
345,진태현,배우,39
344,진해성,가수,30
343,진희경,배우,52
342,쯔위,가수,21
341,차붐,가수,35
340,차승원,배우,50
339,차영남,배우,32
338,차예련,배우,35
337,차은우,가수,23
336,차인표,배우,53
335,차정원,배우,31
334,차주옥,배우,55
333,차준환,선수,18
332,차태현,배우,44
331,차현우,배우,40
330,차화연,배우,59
329,찬성,가수,30
328,찬희,배우,20
327,채린,가수,32
326,채림,배우,41
325,채민서,배우,39
324,채상우,배우,21
323,채서진,배우,26
322,채소연,가수,46
321,채수빈,배우,26
320,채시라,배우,52
319,채영,가수,21
318,채유미,배우,53
317,채정안,가수,43
316,챈슬러,가수,33
315,천단비,가수,34
314,천둥,가수,30
313,천명훈,가수,42
312,천우희,배우,33
311,천정명,배우,39
310,천호진,배우,60
309,청하,가수,24
308,첸,가수,28
307,초아,가수,30
306,최강창민,가수,32
305,최강희,배우,43
304,최국,개그맨,45
303,최귀화,배우,42
302,최규진,배우,24
301,최규환,배우,42
300,최다니엘,배우,34
299,최대철,배우,42
298,최란,배우,59
297,최명길,배우,58
296,최무룡,배우,92
295,최무성,배우,52
294,최민,배우,33
293,최민수,배우,58
292,최민식,배우,58
291,최민용,배우,43
290,최민호,가수,28
289,최백호,가수,70
288,최병서,개그맨,62
287,최병학,배우,80
286,최불암,배우,80
285,최산,가수,21
284,최상훈,배우,66
283,최선자,배우,78
282,최성국,배우,49
281,최성수,가수,60
280,최성원,가수,66
279,최성원,배우,35
278,최성훈,개그맨,56
277,최수린,배우,45
276,최수종,배우,57
275,최수형,배우,41
274,최승경,개그맨,48
273,최승민,가수,46
272,최양락,개그맨,58
271,최여진,배우,37
270,최영준,개그맨,66
269,최예나,가수,21
268,최완수,가수,33
267,최용민,배우,67
266,최우식,배우,30
265,최우재,배우,46
264,최웅,배우,33
263,최원영,배우,44
262,최유정,가수,20
261,최유화,배우,35
260,최윤석,배우,73
259,최윤영,방송인,43
258,최윤영,배우,45
257,최은경,배우,47
256,최은숙,배우,72
255,최은주,배우,41
254,최자,가수,40
253,최재성,배우,55
252,최재웅,배우,41
251,최재환,배우,37
250,최정민,배우,70
249,최정원,배우,39
248,최정훈,배우,80
247,최종률,배우,70
246,최종원,배우,70
245,최종환,배우,55
244,최종훈,배우,41
243,최종훈,가수,30
242,최주봉,배우,75
241,최지나,배우,45
240,최지우,배우,45
239,최진실,배우,51
238,최진영,가수,49
237,최진혁,배우,34
236,최진호,배우,52
235,최진희,가수,63
234,최창엽,배우,31
233,최태준,배우,29
232,최태환,배우,31
231,최필립,배우,41
230,최형만,개그맨,53
229,최형인,배우,71
228,최혜경,배우,24
227,최홍림,개그맨,55
226,최화정,배우,59
225,최효종,개그맨,34
224,최희진,배우,23
223,추가열,가수,52
222,추상미,배우,47
221,추성훈,선수,45
220,추수현,배우,32
219,추예진,배우,19
218,추자현,배우,41
217,케빈,가수,32
216,케이윌,가수,38
215,케이준,가수,35
214,큐리,가수,33
213,크라운제이,가수,40
212,크러쉬,가수,28
211,크루셜스타,가수,31
210,크리스탈,가수,25
209,클라라,배우,35
208,키,가수,29
207,타블로,가수,40
206,타이거JK,가수,46
205,타이미,가수,34
204,탁재훈,가수,52
203,태민,가수,27
202,태민영,배우,66
201,태양,가수,32
200,태연,가수,31
199,태용,가수,25
198,태원석,배우,31
197,태일,가수,30
196,태진아,가수,67
195,태항호,배우,37
194,택연,가수,31
193,테이,가수,37
192,토니안,가수,42
191,티파니,가수,31
190,팝핀현준,가수,41
189,패티김,가수,82
188,팽현숙,개그우먼,55
187,편승엽,가수,56
186,폴킴,가수,39
185,폴킴,가수,32
184,표영호,개그맨,53
183,표예진,배우,28
182,표인봉,개그맨,55
181,퓨어킴,가수,34
180,피오,가수,27
179,하남석,가수,71
178,하니,가수,28
177,하덕규,가수,62
176,하동균,가수,40
175,하동준,배우,45
174,하리수,가수,45
173,하민우,가수,30
172,하상훈,개그맨,53
171,하석진,배우,38
170,하성운,가수,26
169,하수빈,가수,47
168,하연수,배우,30
167,하연주,배우,33
166,하은설,배우,31
165,하은진,배우,33
164,하재숙,배우,41
163,하재영,배우,67
162,하정우,배우,42
161,하주연,가수,34
160,하지원,배우,42
159,하춘화,가수,65
158,하하,가수,41
157,하현우,가수,38
156,하희라,배우,50
155,한가인,배우,38
154,한경,가수,36
153,한경록,가수,43
152,한고은,배우,45
151,한그루,배우,28
150,한그림,배우,34
149,한기웅,배우,32
148,한기원,배우,32
147,한나나,배우,41
146,한다감,배우,40
145,한대수,가수,72
144,한돌,가수,67
143,한동근,가수,27
142,한동준,가수,53
141,한민관,개그맨,40
140,한상규,개그맨,46
139,한상진,배우,42
138,한서진,배우,31
137,한석규,배우,55
136,한석준,방송인,45
135,한선화,가수,30
134,한세아,배우,32
133,한소영,배우,33
132,한소희,배우,25
131,한승연,배우,32
130,한영숙,배우,69
129,한예리,배우,35
128,한예슬,배우,39
127,한윤서,개그우먼,34
126,한재석,배우,47
125,한정수,배우,46
124,한지민,배우,37
123,한지우,배우,33
122,한지일,배우,72
121,한지혜,배우,36
120,한진희,배우,71
119,한채아,배우,38
118,한채영,배우,40
117,한철우,배우,43
116,한춘일,배우,69
115,한해,가수,30
114,한현민,모델,19
113,한혜리,가수,23
112,한혜린,배우,31
111,한혜숙,배우,69
110,한혜진,배우,38
109,한혜진,모델,37
108,한효주,배우,33
107,한희준,가수,31
106,함중아,가수,68
105,해령,가수,25
104,행주,가수,33
103,허가윤,가수,30
102,허각,가수,35
101,허경환,개그맨,39
100,허기호,배우,68
99,허동환,개그맨,48
98,허미영,개그우먼,38
97,허민,개그우먼,34
96,허성태,배우,42
95,허수경,방송인,53
94,허안나,개그우먼,35
93,허영란,배우,40
92,허영생,가수,33
91,허영주,가수,28
90,허영지,가수,26
89,허장강,배우,97
88,허정민,배우,37
87,허준호,배우,56
86,허지웅,방송인,40
85,허지원,배우,33
84,허진,배우,71
83,허참,방송인,70
82,헨리,가수,31
81,혁,가수,25
80,현미,가수,82
79,현빈,배우,38
78,현석,배우,73
77,현성,배우,44
76,현숙,가수,61
75,현아,가수,33
74,현아,가수,28
73,현우성,배우,41
72,현진영,가수,49
71,현진우,가수,45
70,현철,가수,75
69,형섭,가수,21
68,혜리,가수,26
67,혜은이,가수,64
66,호란,가수,41
65,호산,배우,46
64,호효훈,배우,31
63,홍경,배우,24
62,홍경민,가수,44
61,홍경인,배우,43
60,홍기훈,개그맨,52
59,홍록기,배우,51
58,홍륜의,배우,57
57,홍리나,배우,52
56,홍서범,가수,61
55,홍석천,배우,49
54,홍세미,배우,72
53,홍세민,가수,69
52,홍수민,배우,43
51,홍수아,배우,34
50,홍수현,배우,39
49,홍순창,배우,73
48,홍승일,배우,46
47,홍아름,배우,31
46,홍여진,배우,62
45,홍영기,방송인,28
44,홍윤화,개그우먼,32
43,홍은희,배우,40
42,홍이주,배우,33
41,홍인규,개그맨,40
40,홍인영,배우,34
39,홍종현,배우,30
38,홍지민,배우,47
37,홍진경,모델,42
36,홍진영,가수,35
35,홍진호,방송인,37
34,홍현호,개그맨,28
33,홍현희,개그우먼,38
32,화요비,가수,38
31,환희,가수,38
30,환희,가수,22
29,황건,배우,41
28,황광희,가수,32
27,황금희,배우,40
26,황기순,개그맨,56
25,황미선,배우,53
24,황민현,가수,25
23,황범식,배우,74
22,황석정,배우,49
21,황선희,배우,34
20,황세옥,가수,46
19,황수정,배우,47
18,황신혜,배우,57
17,황영희,배우,51
16,황우슬혜,배우,41
15,황인성,배우,56
14,황인식,배우,80
13,황인준,배우,43
12,황정리,배우,75
11,황정민,배우,50
10,황정음,배우,35
9,황하나,배우,32
8,황현희,개그맨,40
7,황혜영,가수,47
6,효린,가수,29
5,효민,가수,31
4,효연,가수,31
3,효인,가수,31
2,휘성,가수,38
1,희진,가수,19
